ImageNo,ImageTag,Cycle
02501,Unusable,1
02502,Unusable,2
02503,Unusable,3
02504,Unusable,4
02505,Unusable,5
02506,Unusable,6
02507,Unusable,7
02508,Unusable,8
02509,Unusable,9
02510,Unusable,10
02511,Unusable,11
02512,Unusable,12
02513,Unusable,13
02514,Usable,14
02515,Usable,15
02516,Usable,16
02517,Usable,17
02518,Usable,18
02519,Usable,19
02520,Usable,20
02521,Usable,21
02522,Usable,22
02523,Usable,23
02524,Usable,24
02525,Usable,25
02526,Usable,26
02527,Usable,27
02528,Usable,28
02529,Usable,29
02530,Usable,30
02531,Usable,31
02532,Usable,32
02533,Usable,33
02534,Usable,34
02535,Usable,35
02536,Usable,36
02537,Usable,37
02538,Usable,38
02539,Usable,39
02540,Usable,40
02541,Usable,41
02542,Usable,42
02543,Usable,43
02544,Usable,44
02545,Usable,45
02546,Usable,46
02547,Usable,47
02548,Usable,48
02549,Usable,49
02550,Usable,50
02551,Usable,51
02552,Usable,52
02553,Usable,53
02554,Usable,54
02555,Usable,55
02556,Usable,56
02557,Usable,57
02558,Usable,58
02559,Usable,59
02560,Usable,60
02561,Usable,61
02562,Usable,62
02563,Usable,63
02564,Usable,64
02565,Usable,65
02566,Usable,66
02567,Usable,67
02568,Usable,68
02569,Usable,69
02570,Usable,70
02571,Usable,71
02572,Usable,72
02573,Usable,73
02574,Usable,74
02575,Usable,75
02576,Usable,76
02577,Usable,77
02578,Usable,78
02579,Usable,79
02580,Usable,80
02581,Usable,81
02582,Usable,82
02583,Usable,83
02584,Usable,84
02585,Usable,85
02586,Usable,86
02587,Usable,87
02588,Usable,88
02589,Usable,89
02590,Usable,90
02591,Usable,91
02592,Usable,92
02593,Usable,93
02594,Usable,94
02595,Usable,95
02596,Unusable,96
02597,Unusable,97
02598,Unusable,98
02599,Unusable,99
02600,Unusable,100
02601,Unusable,101
02602,Unusable,102
02603,Unusable,103
02604,Unusable,104
02605,Unusable,105
02606,Unusable,106
02607,Unusable,107
02608,Unusable,108
02609,Unusable,109
02610,Unusable,110
02611,Unusable,111
02612,Unusable,112
02613,Unusable,113
02614,Unusable,114
02615,Unusable,115
02616,Unusable,116
02617,Unusable,117
02618,Unusable,118
02619,Unusable,119
02620,Unusable,120
02621,Unusable,121
02622,Unusable,122
02623,Unusable,123
02624,Unusable,124
02625,Unusable,125
02626,Unusable,126
02627,Unusable,127
02628,Unusable,128
02629,Unusable,129
02630,Unusable,130
02631,Unusable,131
02632,Unusable,132
02633,Unusable,133
02634,Unusable,134
02635,Unusable,135
02636,Unusable,136
02637,Unusable,137
02638,Unusable,138
02639,Unusable,139
02640,Unusable,140
02641,Unusable,141
02642,Unusable,142
02643,Unusable,143
02644,Unusable,144
02645,Unusable,145
02646,Unusable,146
02647,Unusable,147
02648,Unusable,148
02649,Unusable,149
02650,Unusable,150
02651,Unusable,151
02652,Unusable,152
02653,Unusable,153
02654,Unusable,154
02655,Unusable,155
02656,Unusable,156
02657,Unusable,157
02658,Unusable,158
02659,Unusable,159
02660,Unusable,160
02661,Unusable,161
02662,Unusable,162
02663,Unusable,163
02664,Unusable,164
02665,Unusable,165
02666,Unusable,166
02667,Unusable,167
02668,Unusable,168
02669,Unusable,169
02670,Unusable,170
02671,Unusable,171
02672,Unusable,172
02673,Unusable,173
02674,Unusable,174
02675,Unusable,175
02676,Unusable,176
02677,Unusable,177
02678,Unusable,178
02679,Unusable,179
02680,Unusable,180
02681,Unusable,181
02682,Unusable,182
02683,Unusable,183
02684,Unusable,184
02685,Unusable,185
02686,Unusable,186
02687,Unusable,187
02688,Unusable,188
02689,Unusable,189
02690,Unusable,190
02691,Unusable,191
02692,Unusable,192
02693,Unusable,193
02694,Unusable,194
02695,Unusable,195
02696,Unusable,196
02697,Unusable,197
02698,Unusable,198
02699,Unusable,199
02700,Unusable,200
02701,Unusable,201
02702,Unusable,202
02703,Unusable,203
02704,Unusable,204
02705,Unusable,205
02706,Unusable,206
02707,Unusable,207
02708,Unusable,208
02709,Unusable,209
02710,Unusable,210
02711,Unusable,211
02712,Unusable,212
02713,Unusable,213
02714,Unusable,214
02715,Unusable,215
02716,Unusable,216
02717,Unusable,217
02718,Unusable,218
02719,Unusable,219
02720,Unusable,220
02721,Unusable,221
02722,Unusable,222
02723,Unusable,223
02724,Unusable,224
02725,Unusable,225
02726,Unusable,226
02727,Unusable,227
02728,Unusable,228
02729,Unusable,229
02730,Unusable,230
02731,Unusable,231
02732,Unusable,232
02733,Unusable,233
02734,Unusable,234
02735,Unusable,235
02736,Unusable,236
02737,Unusable,237
02738,Unusable,238
02739,Unusable,239
02740,Unusable,240
02741,Unusable,241
02742,Unusable,242
02743,Unusable,243
02744,Unusable,244
02745,Unusable,245
02746,Unusable,246
02747,Unusable,247
02748,Unusable,248
02749,Unusable,249
02750,Unusable,250
02751,Unusable,1
02752,Unusable,2
02753,Unusable,3
02754,Unusable,4
02755,Unusable,5
02756,Unusable,6
02757,Unusable,7
02758,Unusable,8
02759,Unusable,9
02760,Unusable,10
02761,Unusable,11
02762,Unusable,12
02763,Unusable,13
02764,Unusable,14
02765,Unusable,15
02766,Usable,16
02767,Usable,17
02768,Usable,18
02769,Usable,19
02770,Usable,20
02771,Usable,21
02772,Usable,22
02773,Usable,23
02774,Usable,24
02775,Usable,25
02776,Usable,26
02777,Usable,27
02778,Usable,28
02779,Usable,29
02780,Usable,30
02781,Usable,31
02782,Usable,32
02783,Usable,33
02784,Usable,34
02785,Usable,35
02786,Usable,36
02787,Usable,37
02788,Usable,38
02789,Usable,39
02790,Usable,40
02791,Usable,41
02792,Usable,42
02793,Usable,43
02794,Usable,44
02795,Usable,45
02796,Usable,46
02797,Usable,47
02798,Usable,48
02799,Usable,49
02800,Usable,50
02801,Usable,51
02802,Usable,52
02803,Usable,53
02804,Usable,54
02805,Usable,55
02806,Usable,56
02807,Usable,57
02808,Usable,58
02809,Usable,59
02810,Usable,60
02811,Usable,61
02812,Usable,62
02813,Usable,63
02814,Usable,64
02815,Usable,65
02816,Usable,66
02817,Usable,67
02818,Usable,68
02819,Usable,69
02820,Usable,70
02821,Usable,71
02822,Usable,72
02823,Usable,73
02824,Usable,74
02825,Usable,75
02826,Usable,76
02827,Usable,77
02828,Usable,78
02829,Usable,79
02830,Usable,80
02831,Usable,81
02832,Usable,82
02833,Usable,83
02834,Usable,84
02835,Usable,85
02836,Usable,86
02837,Usable,87
02838,Usable,88
02839,Usable,89
02840,Usable,90
02841,Usable,91
02842,Usable,92
02843,Usable,93
02844,Usable,94
02845,Usable,95
02846,Usable,96
02847,Usable,97
02848,Usable,98
02849,Usable,99
02850,Usable,100
02851,Usable,101
02852,Usable,102
02853,Usable,103
02854,Usable,104
02855,Usable,105
02856,Usable,106
02857,Usable,107
02858,Usable,108
02859,Usable,109
02860,Usable,110
02861,Usable,111
02862,Usable,112
02863,Usable,113
02864,Usable,114
02865,Usable,115
02866,Usable,116
02867,Usable,117
02868,Usable,118
02869,Usable,119
02870,Usable,120
02871,Usable,121
02872,Usable,122
02873,Usable,123
02874,Usable,124
02875,Usable,125
02876,Usable,126
02877,Usable,127
02878,Usable,128
02879,Usable,129
02880,Usable,130
02881,Usable,131
02882,Usable,132
02883,Usable,133
02884,Usable,134
02885,Usable,135
02886,Usable,136
02887,Usable,137
02888,Usable,138
02889,Usable,139
02890,Usable,140
02891,Usable,141
02892,Usable,142
02893,Usable,143
02894,Usable,144
02895,Usable,145
02896,Usable,146
02897,Usable,147
02898,Usable,148
02899,Usable,149
02900,Usable,150
02901,Usable,151
02902,Usable,152
02903,Usable,153
02904,Unusable,154
02905,Unusable,155
02906,Unusable,156
02907,Unusable,157
02908,Unusable,158
02909,Unusable,159
02910,Unusable,160
02911,Unusable,161
02912,Unusable,162
02913,Unusable,163
02914,Unusable,164
02915,Unusable,165
02916,Unusable,166
02917,Unusable,167
02918,Unusable,168
02919,Unusable,169
02920,Unusable,170
02921,Unusable,171
02922,Unusable,172
02923,Unusable,173
02924,Unusable,174
02925,Unusable,175
02926,Unusable,176
02927,Unusable,177
02928,Unusable,178
02929,Unusable,179
02930,Unusable,180
02931,Unusable,181
02932,Unusable,182
02933,Unusable,183
02934,Unusable,184
02935,Unusable,185
02936,Unusable,186
02937,Unusable,187
02938,Unusable,188
02939,Unusable,189
02940,Unusable,190
02941,Unusable,191
02942,Unusable,192
02943,Unusable,193
02944,Unusable,194
02945,Unusable,195
02946,Unusable,196
02947,Unusable,197
02948,Unusable,198
02949,Unusable,199
02950,Unusable,200
02951,Unusable,201
02952,Unusable,202
02953,Unusable,203
02954,Unusable,204
02955,Unusable,205
02956,Unusable,206
02957,Unusable,207
02958,Unusable,208
02959,Unusable,209
02960,Unusable,210
02961,Unusable,211
02962,Unusable,212
02963,Unusable,213
02964,Unusable,214
02965,Unusable,215
02966,Unusable,216
02967,Unusable,217
02968,Unusable,218
02969,Unusable,219
02970,Unusable,220
02971,Unusable,221
02972,Unusable,222
02973,Unusable,223
02974,Unusable,224
02975,Unusable,225
02976,Unusable,226
02977,Unusable,227
02978,Unusable,228
02979,Unusable,229
02980,Unusable,230
02981,Unusable,231
02982,Unusable,232
02983,Unusable,233
02984,Unusable,234
02985,Unusable,235
02986,Unusable,236
02987,Unusable,237
02988,Unusable,238
02989,Unusable,239
02990,Unusable,240
02991,Unusable,241
02992,Unusable,242
02993,Unusable,243
02994,Unusable,244
02995,Unusable,245
02996,Unusable,246
02997,Unusable,247
02998,Unusable,248
02999,Unusable,249
03000,Unusable,250
03001,Unusable,1
03002,Unusable,2
03003,Unusable,3
03004,Unusable,4
03005,Unusable,5
03006,Unusable,6
03007,Unusable,7
03008,Unusable,8
03009,Unusable,9
03010,Unusable,10
03011,Unusable,11
03012,Unusable,12
03013,Unusable,13
03014,Unusable,14
03015,Unusable,15
03016,Usable,16
03017,Usable,17
03018,Usable,18
03019,Usable,19
03020,Usable,20
03021,Usable,21
03022,Usable,22
03023,Usable,23
03024,Usable,24
03025,Usable,25
03026,Usable,26
03027,Usable,27
03028,Usable,28
03029,Usable,29
03030,Usable,30
03031,Usable,31
03032,Usable,32
03033,Usable,33
03034,Usable,34
03035,Usable,35
03036,Usable,36
03037,Usable,37
03038,Usable,38
03039,Usable,39
03040,Usable,40
03041,Usable,41
03042,Usable,42
03043,Usable,43
03044,Usable,44
03045,Usable,45
03046,Usable,46
03047,Usable,47
03048,Usable,48
03049,Usable,49
03050,Usable,50
03051,Usable,51
03052,Usable,52
03053,Usable,53
03054,Usable,54
03055,Usable,55
03056,Usable,56
03057,Usable,57
03058,Usable,58
03059,Usable,59
03060,Usable,60
03061,Usable,61
03062,Usable,62
03063,Usable,63
03064,Usable,64
03065,Usable,65
03066,Usable,66
03067,Usable,67
03068,Usable,68
03069,Usable,69
03070,Usable,70
03071,Usable,71
03072,Usable,72
03073,Usable,73
03074,Usable,74
03075,Usable,75
03076,Usable,76
03077,Usable,77
03078,Usable,78
03079,Usable,79
03080,Usable,80
03081,Usable,81
03082,Usable,82
03083,Usable,83
03084,Usable,84
03085,Usable,85
03086,Usable,86
03087,Usable,87
03088,Usable,88
03089,Usable,89
03090,Usable,90
03091,Usable,91
03092,Usable,92
03093,Usable,93
03094,Usable,94
03095,Usable,95
03096,Usable,96
03097,Usable,97
03098,Usable,98
03099,Usable,99
03100,Usable,100
03101,Usable,101
03102,Usable,102
03103,Usable,103
03104,Usable,104
03105,Usable,105
03106,Usable,106
03107,Usable,107
03108,Usable,108
03109,Usable,109
03110,Usable,110
03111,Usable,111
03112,Usable,112
03113,Usable,113
03114,Usable,114
03115,Usable,115
03116,Usable,116
03117,Usable,117
03118,Usable,118
03119,Usable,119
03120,Usable,120
03121,Usable,121
03122,Usable,122
03123,Usable,123
03124,Usable,124
03125,Usable,125
03126,Usable,126
03127,Usable,127
03128,Usable,128
03129,Usable,129
03130,Usable,130
03131,Usable,131
03132,Usable,132
03133,Usable,133
03134,Usable,134
03135,Usable,135
03136,Usable,136
03137,Usable,137
03138,Usable,138
03139,Usable,139
03140,Usable,140
03141,Usable,141
03142,Usable,142
03143,Usable,143
03144,Usable,144
03145,Usable,145
03146,Usable,146
03147,Usable,147
03148,Usable,148
03149,Usable,149
03150,Usable,150
03151,Usable,151
03152,Usable,152
03153,Usable,153
03154,Usable,154
03155,Usable,155
03156,Usable,156
03157,Usable,157
03158,Usable,158
03159,Usable,159
03160,Usable,160
03161,Usable,161
03162,Usable,162
03163,Usable,163
03164,Usable,164
03165,Usable,165
03166,Usable,166
03167,Usable,167
03168,Usable,168
03169,Unusable,169
03170,Unusable,170
03171,Unusable,171
03172,Unusable,172
03173,Unusable,173
03174,Unusable,174
03175,Unusable,175
03176,Unusable,176
03177,Unusable,177
03178,Unusable,178
03179,Unusable,179
03180,Unusable,180
03181,Unusable,181
03182,Unusable,182
03183,Unusable,183
03184,Unusable,184
03185,Unusable,185
03186,Unusable,186
03187,Unusable,187
03188,Unusable,188
03189,Unusable,189
03190,Unusable,190
03191,Unusable,191
03192,Unusable,192
03193,Unusable,193
03194,Unusable,194
03195,Unusable,195
03196,Unusable,196
03197,Unusable,197
03198,Unusable,198
03199,Unusable,199
03200,Unusable,200
03201,Unusable,201
03202,Unusable,202
03203,Unusable,203
03204,Unusable,204
03205,Unusable,205
03206,Unusable,206
03207,Unusable,207
03208,Unusable,208
03209,Unusable,209
03210,Unusable,210
03211,Unusable,211
03212,Unusable,212
03213,Unusable,213
03214,Unusable,214
03215,Unusable,215
03216,Unusable,216
03217,Unusable,217
03218,Unusable,218
03219,Unusable,219
03220,Unusable,220
03221,Unusable,221
03222,Unusable,222
03223,Unusable,223
03224,Unusable,224
03225,Unusable,225
03226,Unusable,226
03227,Unusable,227
03228,Unusable,228
03229,Unusable,229
03230,Unusable,230
03231,Unusable,231
03232,Unusable,232
03233,Unusable,233
03234,Unusable,234
03235,Unusable,235
03236,Unusable,236
03237,Unusable,237
03238,Unusable,238
03239,Unusable,239
03240,Unusable,240
03241,Unusable,241
03242,Unusable,242
03243,Unusable,243
03244,Unusable,244
03245,Unusable,245
03246,Unusable,246
03247,Unusable,247
03248,Unusable,248
03249,Unusable,249
03250,Unusable,250
03251,Unusable,1
03252,Unusable,2
03253,Unusable,3
03254,Unusable,4
03255,Unusable,5
03256,Unusable,6
03257,Unusable,7
03258,Unusable,8
03259,Unusable,9
03260,Unusable,10
03261,Unusable,11
03262,Unusable,12
03263,Unusable,13
03264,Unusable,14
03265,Unusable,15
03266,Usable,16
03267,Usable,17
03268,Usable,18
03269,Usable,19
03270,Usable,20
03271,Usable,21
03272,Usable,22
03273,Usable,23
03274,Usable,24
03275,Usable,25
03276,Usable,26
03277,Usable,27
03278,Usable,28
03279,Usable,29
03280,Usable,30
03281,Usable,31
03282,Usable,32
03283,Usable,33
03284,Usable,34
03285,Usable,35
03286,Usable,36
03287,Usable,37
03288,Usable,38
03289,Usable,39
03290,Usable,40
03291,Usable,41
03292,Usable,42
03293,Usable,43
03294,Usable,44
03295,Usable,45
03296,Usable,46
03297,Usable,47
03298,Usable,48
03299,Usable,49
03300,Usable,50
03301,Usable,51
03302,Usable,52
03303,Usable,53
03304,Usable,54
03305,Usable,55
03306,Usable,56
03307,Usable,57
03308,Usable,58
03309,Usable,59
03310,Usable,60
03311,Usable,61
03312,Usable,62
03313,Usable,63
03314,Usable,64
03315,Usable,65
03316,Usable,66
03317,Usable,67
03318,Usable,68
03319,Usable,69
03320,Usable,70
03321,Usable,71
03322,Usable,72
03323,Usable,73
03324,Usable,74
03325,Usable,75
03326,Usable,76
03327,Usable,77
03328,Usable,78
03329,Usable,79
03330,Usable,80
03331,Usable,81
03332,Usable,82
03333,Usable,83
03334,Usable,84
03335,Usable,85
03336,Usable,86
03337,Usable,87
03338,Usable,88
03339,Usable,89
03340,Usable,90
03341,Usable,91
03342,Usable,92
03343,Usable,93
03344,Usable,94
03345,Usable,95
03346,Usable,96
03347,Usable,97
03348,Usable,98
03349,Usable,99
03350,Usable,100
03351,Usable,101
03352,Usable,102
03353,Usable,103
03354,Usable,104
03355,Usable,105
03356,Usable,106
03357,Usable,107
03358,Usable,108
03359,Usable,109
03360,Usable,110
03361,Usable,111
03362,Usable,112
03363,Usable,113
03364,Usable,114
03365,Usable,115
03366,Usable,116
03367,Usable,117
03368,Usable,118
03369,Usable,119
03370,Usable,120
03371,Usable,121
03372,Usable,122
03373,Usable,123
03374,Usable,124
03375,Usable,125
03376,Usable,126
03377,Usable,127
03378,Usable,128
03379,Usable,129
03380,Usable,130
03381,Usable,131
03382,Usable,132
03383,Usable,133
03384,Usable,134
03385,Usable,135
03386,Usable,136
03387,Usable,137
03388,Usable,138
03389,Usable,139
03390,Usable,140
03391,Usable,141
03392,Usable,142
03393,Usable,143
03394,Usable,144
03395,Usable,145
03396,Usable,146
03397,Usable,147
03398,Usable,148
03399,Usable,149
03400,Usable,150
03401,Usable,151
03402,Usable,152
03403,Usable,153
03404,Usable,154
03405,Usable,155
03406,Usable,156
03407,Usable,157
03408,Usable,158
03409,Usable,159
03410,Usable,160
03411,Usable,161
03412,Usable,162
03413,Usable,163
03414,Usable,164
03415,Usable,165
03416,Usable,166
03417,Usable,167
03418,Usable,168
03419,Usable,169
03420,Usable,170
03421,Usable,171
03422,Usable,172
03423,Usable,173
03424,Usable,174
03425,Usable,175
03426,Usable,176
03427,Usable,177
03428,Usable,178
03429,Usable,179
03430,Usable,180
03431,Usable,181
03432,Usable,182
03433,Usable,183
03434,Usable,184
03435,Usable,185
03436,Usable,186
03437,Usable,187
03438,Usable,188
03439,Usable,189
03440,Usable,190
03441,Usable,191
03442,Usable,192
03443,Usable,193
03444,Usable,194
03445,Usable,195
03446,Usable,196
03447,Usable,197
03448,Usable,198
03449,Usable,199
03450,Usable,200
03451,Usable,201
03452,Usable,202
03453,Usable,203
03454,Usable,204
03455,Usable,205
03456,Unusable,206
03457,Unusable,207
03458,Unusable,208
03459,Unusable,209
03460,Unusable,210
03461,Unusable,211
03462,Unusable,212
03463,Unusable,213
03464,Unusable,214
03465,Unusable,215
03466,Unusable,216
03467,Unusable,217
03468,Unusable,218
03469,Unusable,219
03470,Unusable,220
03471,Unusable,221
03472,Unusable,222
03473,Unusable,223
03474,Unusable,224
03475,Unusable,225
03476,Unusable,226
03477,Unusable,227
03478,Unusable,228
03479,Unusable,229
03480,Unusable,230
03481,Unusable,231
03482,Unusable,232
03483,Unusable,233
03484,Unusable,234
03485,Unusable,235
03486,Unusable,236
03487,Unusable,237
03488,Unusable,238
03489,Unusable,239
03490,Unusable,240
03491,Unusable,241
03492,Unusable,242
03493,Unusable,243
03494,Unusable,244
03495,Unusable,245
03496,Unusable,246
03497,Unusable,247
03498,Unusable,248
03499,Unusable,249
03500,Unusable,250
03501,Unusable,1
03502,Unusable,2
03503,Unusable,3
03504,Unusable,4
03505,Unusable,5
03506,Unusable,6
03507,Unusable,7
03508,Unusable,8
03509,Unusable,9
03510,Unusable,10
03511,Unusable,11
03512,Unusable,12
03513,Unusable,13
03514,Unusable,14
03515,Unusable,15
03516,Usable,16
03517,Usable,17
03518,Usable,18
03519,Usable,19
03520,Usable,20
03521,Usable,21
03522,Usable,22
03523,Usable,23
03524,Usable,24
03525,Usable,25
03526,Usable,26
03527,Usable,27
03528,Usable,28
03529,Usable,29
03530,Usable,30
03531,Usable,31
03532,Usable,32
03533,Usable,33
03534,Usable,34
03535,Usable,35
03536,Usable,36
03537,Usable,37
03538,Usable,38
03539,Usable,39
03540,Usable,40
03541,Usable,41
03542,Usable,42
03543,Usable,43
03544,Usable,44
03545,Usable,45
03546,Usable,46
03547,Usable,47
03548,Usable,48
03549,Usable,49
03550,Usable,50
03551,Usable,51
03552,Usable,52
03553,Usable,53
03554,Usable,54
03555,Usable,55
03556,Usable,56
03557,Usable,57
03558,Usable,58
03559,Usable,59
03560,Usable,60
03561,Usable,61
03562,Usable,62
03563,Usable,63
03564,Usable,64
03565,Usable,65
03566,Usable,66
03567,Usable,67
03568,Usable,68
03569,Usable,69
03570,Usable,70
03571,Usable,71
03572,Usable,72
03573,Usable,73
03574,Usable,74
03575,Usable,75
03576,Usable,76
03577,Usable,77
03578,Usable,78
03579,Usable,79
03580,Usable,80
03581,Usable,81
03582,Usable,82
03583,Usable,83
03584,Usable,84
03585,Usable,85
03586,Usable,86
03587,Usable,87
03588,Usable,88
03589,Usable,89
03590,Usable,90
03591,Usable,91
03592,Usable,92
03593,Usable,93
03594,Usable,94
03595,Usable,95
03596,Usable,96
03597,Usable,97
03598,Usable,98
03599,Usable,99
03600,Usable,100
03601,Usable,101
03602,Usable,102
03603,Usable,103
03604,Usable,104
03605,Usable,105
03606,Usable,106
03607,Usable,107
03608,Usable,108
03609,Usable,109
03610,Usable,110
03611,Usable,111
03612,Usable,112
03613,Usable,113
03614,Usable,114
03615,Usable,115
03616,Usable,116
03617,Usable,117
03618,Usable,118
03619,Usable,119
03620,Usable,120
03621,Usable,121
03622,Usable,122
03623,Usable,123
03624,Usable,124
03625,Usable,125
03626,Usable,126
03627,Usable,127
03628,Usable,128
03629,Usable,129
03630,Usable,130
03631,Unusable,131
03632,Unusable,132
03633,Unusable,133
03634,Unusable,134
03635,Unusable,135
03636,Unusable,136
03637,Unusable,137
03638,Unusable,138
03639,Unusable,139
03640,Unusable,140
03641,Unusable,141
03642,Unusable,142
03643,Unusable,143
03644,Unusable,144
03645,Unusable,145
03646,Unusable,146
03647,Unusable,147
03648,Unusable,148
03649,Unusable,149
03650,Unusable,150
03651,Unusable,151
03652,Unusable,152
03653,Unusable,153
03654,Unusable,154
03655,Unusable,155
03656,Unusable,156
03657,Unusable,157
03658,Unusable,158
03659,Unusable,159
03660,Unusable,160
03661,Unusable,161
03662,Unusable,162
03663,Unusable,163
03664,Unusable,164
03665,Unusable,165
03666,Unusable,166
03667,Unusable,167
03668,Unusable,168
03669,Unusable,169
03670,Unusable,170
03671,Unusable,171
03672,Unusable,172
03673,Unusable,173
03674,Unusable,174
03675,Unusable,175
03676,Unusable,176
03677,Unusable,177
03678,Unusable,178
03679,Unusable,179
03680,Unusable,180
03681,Unusable,181
03682,Unusable,182
03683,Unusable,183
03684,Unusable,184
03685,Unusable,185
03686,Unusable,186
03687,Unusable,187
03688,Unusable,188
03689,Unusable,189
03690,Unusable,190
03691,Unusable,191
03692,Unusable,192
03693,Unusable,193
03694,Unusable,194
03695,Unusable,195
03696,Unusable,196
03697,Unusable,197
03698,Unusable,198
03699,Unusable,199
03700,Unusable,200
03701,Unusable,201
03702,Unusable,202
03703,Unusable,203
03704,Unusable,204
03705,Unusable,205
03706,Unusable,206
03707,Unusable,207
03708,Unusable,208
03709,Unusable,209
03710,Unusable,210
03711,Unusable,211
03712,Unusable,212
03713,Unusable,213
03714,Unusable,214
03715,Unusable,215
03716,Unusable,216
03717,Unusable,217
03718,Unusable,218
03719,Unusable,219
03720,Unusable,220
03721,Unusable,221
03722,Unusable,222
03723,Unusable,223
03724,Unusable,224
03725,Unusable,225
03726,Unusable,226
03727,Unusable,227
03728,Unusable,228
03729,Unusable,229
03730,Unusable,230
03731,Unusable,231
03732,Unusable,232
03733,Unusable,233
03734,Unusable,234
03735,Unusable,235
03736,Unusable,236
03737,Unusable,237
03738,Unusable,238
03739,Unusable,239
03740,Unusable,240
03741,Unusable,241
03742,Unusable,242
03743,Unusable,243
03744,Unusable,244
03745,Unusable,245
03746,Unusable,246
03747,Unusable,247
03748,Unusable,248
03749,Unusable,249
03750,Unusable,250
03751,Unusable,1
03752,Unusable,2
03753,Unusable,3
03754,Unusable,4
03755,Unusable,5
03756,Unusable,6
03757,Unusable,7
03758,Unusable,8
03759,Unusable,9
03760,Unusable,10
03761,Unusable,11
03762,Unusable,12
03763,Unusable,13
03764,Unusable,14
03765,Unusable,15
03766,Usable,16
03767,Usable,17
03768,Usable,18
03769,Usable,19
03770,Usable,20
03771,Usable,21
03772,Usable,22
03773,Usable,23
03774,Usable,24
03775,Usable,25
03776,Usable,26
03777,Usable,27
03778,Usable,28
03779,Usable,29
03780,Usable,30
03781,Usable,31
03782,Usable,32
03783,Usable,33
03784,Usable,34
03785,Usable,35
03786,Usable,36
03787,Usable,37
03788,Usable,38
03789,Usable,39
03790,Usable,40
03791,Usable,41
03792,Usable,42
03793,Usable,43
03794,Usable,44
03795,Usable,45
03796,Usable,46
03797,Usable,47
03798,Usable,48
03799,Usable,49
03800,Usable,50
03801,Usable,51
03802,Usable,52
03803,Usable,53
03804,Usable,54
03805,Usable,55
03806,Usable,56
03807,Usable,57
03808,Usable,58
03809,Usable,59
03810,Usable,60
03811,Usable,61
03812,Usable,62
03813,Usable,63
03814,Usable,64
03815,Usable,65
03816,Usable,66
03817,Usable,67
03818,Usable,68
03819,Usable,69
03820,Usable,70
03821,Usable,71
03822,Usable,72
03823,Usable,73
03824,Usable,74
03825,Usable,75
03826,Usable,76
03827,Usable,77
03828,Usable,78
03829,Usable,79
03830,Usable,80
03831,Usable,81
03832,Usable,82
03833,Usable,83
03834,Usable,84
03835,Usable,85
03836,Usable,86
03837,Usable,87
03838,Usable,88
03839,Usable,89
03840,Usable,90
03841,Usable,91
03842,Usable,92
03843,Usable,93
03844,Usable,94
03845,Usable,95
03846,Usable,96
03847,Usable,97
03848,Usable,98
03849,Usable,99
03850,Usable,100
03851,Usable,101
03852,Usable,102
03853,Usable,103
03854,Usable,104
03855,Usable,105
03856,Usable,106
03857,Usable,107
03858,Usable,108
03859,Usable,109
03860,Usable,110
03861,Usable,111
03862,Usable,112
03863,Usable,113
03864,Usable,114
03865,Usable,115
03866,Usable,116
03867,Usable,117
03868,Usable,118
03869,Usable,119
03870,Usable,120
03871,Usable,121
03872,Usable,122
03873,Usable,123
03874,Usable,124
03875,Usable,125
03876,Usable,126
03877,Usable,127
03878,Usable,128
03879,Usable,129
03880,Usable,130
03881,Usable,131
03882,Usable,132
03883,Usable,133
03884,Usable,134
03885,Usable,135
03886,Usable,136
03887,Usable,137
03888,Usable,138
03889,Usable,139
03890,Usable,140
03891,Usable,141
03892,Usable,142
03893,Usable,143
03894,Usable,144
03895,Usable,145
03896,Usable,146
03897,Usable,147
03898,Usable,148
03899,Usable,149
03900,Usable,150
03901,Usable,151
03902,Usable,152
03903,Usable,153
03904,Usable,154
03905,Usable,155
03906,Usable,156
03907,Usable,157
03908,Usable,158
03909,Usable,159
03910,Usable,160
03911,Usable,161
03912,Usable,162
03913,Usable,163
03914,Usable,164
03915,Usable,165
03916,Usable,166
03917,Unusable,167
03918,Unusable,168
03919,Unusable,169
03920,Unusable,170
03921,Unusable,171
03922,Unusable,172
03923,Unusable,173
03924,Unusable,174
03925,Unusable,175
03926,Unusable,176
03927,Unusable,177
03928,Unusable,178
03929,Unusable,179
03930,Unusable,180
03931,Unusable,181
03932,Unusable,182
03933,Unusable,183
03934,Unusable,184
03935,Unusable,185
03936,Unusable,186
03937,Unusable,187
03938,Unusable,188
03939,Unusable,189
03940,Unusable,190
03941,Unusable,191
03942,Unusable,192
03943,Unusable,193
03944,Unusable,194
03945,Unusable,195
03946,Unusable,196
03947,Unusable,197
03948,Unusable,198
03949,Unusable,199
03950,Unusable,200
03951,Unusable,201
03952,Unusable,202
03953,Unusable,203
03954,Unusable,204
03955,Unusable,205
03956,Unusable,206
03957,Unusable,207
03958,Unusable,208
03959,Unusable,209
03960,Unusable,210
03961,Unusable,211
03962,Unusable,212
03963,Unusable,213
03964,Unusable,214
03965,Unusable,215
03966,Unusable,216
03967,Unusable,217
03968,Unusable,218
03969,Unusable,219
03970,Unusable,220
03971,Unusable,221
03972,Unusable,222
03973,Unusable,223
03974,Unusable,224
03975,Unusable,225
03976,Unusable,226
03977,Unusable,227
03978,Unusable,228
03979,Unusable,229
03980,Unusable,230
03981,Unusable,231
03982,Unusable,232
03983,Unusable,233
03984,Unusable,234
03985,Unusable,235
03986,Unusable,236
03987,Unusable,237
03988,Unusable,238
03989,Unusable,239
03990,Unusable,240
03991,Unusable,241
03992,Unusable,242
03993,Unusable,243
03994,Unusable,244
03995,Unusable,245
03996,Unusable,246
03997,Unusable,247
03998,Unusable,248
03999,Unusable,249
04000,Unusable,250
04001,Unusable,1
04002,Unusable,2
04003,Unusable,3
04004,Unusable,4
04005,Unusable,5
04006,Unusable,6
04007,Unusable,7
04008,Unusable,8
04009,Unusable,9
04010,Unusable,10
04011,Unusable,11
04012,Unusable,12
04013,Unusable,13
04014,Unusable,14
04015,Unusable,15
04016,Usable,16
04017,Usable,17
04018,Usable,18
04019,Usable,19
04020,Usable,20
04021,Usable,21
04022,Usable,22
04023,Usable,23
04024,Usable,24
04025,Usable,25
04026,Usable,26
04027,Usable,27
04028,Usable,28
04029,Usable,29
04030,Usable,30
04031,Usable,31
04032,Usable,32
04033,Usable,33
04034,Usable,34
04035,Usable,35
04036,Usable,36
04037,Usable,37
04038,Usable,38
04039,Usable,39
04040,Usable,40
04041,Usable,41
04042,Usable,42
04043,Usable,43
04044,Usable,44
04045,Usable,45
04046,Usable,46
04047,Usable,47
04048,Usable,48
04049,Usable,49
04050,Usable,50
04051,Usable,51
04052,Usable,52
04053,Usable,53
04054,Usable,54
04055,Usable,55
04056,Usable,56
04057,Usable,57
04058,Usable,58
04059,Usable,59
04060,Usable,60
04061,Usable,61
04062,Usable,62
04063,Usable,63
04064,Usable,64
04065,Usable,65
04066,Usable,66
04067,Usable,67
04068,Usable,68
04069,Usable,69
04070,Usable,70
04071,Usable,71
04072,Usable,72
04073,Usable,73
04074,Usable,74
04075,Usable,75
04076,Usable,76
04077,Usable,77
04078,Usable,78
04079,Usable,79
04080,Usable,80
04081,Usable,81
04082,Usable,82
04083,Usable,83
04084,Usable,84
04085,Usable,85
04086,Usable,86
04087,Usable,87
04088,Usable,88
04089,Usable,89
04090,Usable,90
04091,Usable,91
04092,Usable,92
04093,Usable,93
04094,Usable,94
04095,Usable,95
04096,Usable,96
04097,Usable,97
04098,Usable,98
04099,Usable,99
04100,Usable,100
04101,Usable,101
04102,Usable,102
04103,Usable,103
04104,Usable,104
04105,Usable,105
04106,Usable,106
04107,Usable,107
04108,Usable,108
04109,Usable,109
04110,Usable,110
04111,Usable,111
04112,Usable,112
04113,Usable,113
04114,Usable,114
04115,Usable,115
04116,Usable,116
04117,Usable,117
04118,Usable,118
04119,Usable,119
04120,Usable,120
04121,Usable,121
04122,Usable,122
04123,Usable,123
04124,Usable,124
04125,Usable,125
04126,Usable,126
04127,Usable,127
04128,Usable,128
04129,Usable,129
04130,Usable,130
04131,Usable,131
04132,Usable,132
04133,Usable,133
04134,Usable,134
04135,Usable,135
04136,Usable,136
04137,Usable,137
04138,Usable,138
04139,Usable,139
04140,Usable,140
04141,Usable,141
04142,Usable,142
04143,Usable,143
04144,Usable,144
04145,Usable,145
04146,Usable,146
04147,Usable,147
04148,Usable,148
04149,Usable,149
04150,Usable,150
04151,Usable,151
04152,Usable,152
04153,Usable,153
04154,Usable,154
04155,Usable,155
04156,Usable,156
04157,Usable,157
04158,Usable,158
04159,Usable,159
04160,Usable,160
04161,Usable,161
04162,Usable,162
04163,Usable,163
04164,Usable,164
04165,Usable,165
04166,Usable,166
04167,Usable,167
04168,Usable,168
04169,Usable,169
04170,Usable,170
04171,Usable,171
04172,Usable,172
04173,Usable,173
04174,Usable,174
04175,Usable,175
04176,Usable,176
04177,Usable,177
04178,Usable,178
04179,Usable,179
04180,Usable,180
04181,Usable,181
04182,Usable,182
04183,Usable,183
04184,Usable,184
04185,Usable,185
04186,Usable,186
04187,Usable,187
04188,Usable,188
04189,Usable,189
04190,Usable,190
04191,Usable,191
04192,Unusable,192
04193,Unusable,193
04194,Unusable,194
04195,Unusable,195
04196,Unusable,196
04197,Unusable,197
04198,Unusable,198
04199,Unusable,199
04200,Unusable,200
04201,Unusable,201
04202,Unusable,202
04203,Unusable,203
04204,Unusable,204
04205,Unusable,205
04206,Unusable,206
04207,Unusable,207
04208,Unusable,208
04209,Unusable,209
04210,Unusable,210
04211,Unusable,211
04212,Unusable,212
04213,Unusable,213
04214,Unusable,214
04215,Unusable,215
04216,Unusable,216
04217,Unusable,217
04218,Unusable,218
04219,Unusable,219
04220,Unusable,220
04221,Unusable,221
04222,Unusable,222
04223,Unusable,223
04224,Unusable,224
04225,Unusable,225
04226,Unusable,226
04227,Unusable,227
04228,Unusable,228
04229,Unusable,229
04230,Unusable,230
04231,Unusable,231
04232,Unusable,232
04233,Unusable,233
04234,Unusable,234
04235,Unusable,235
04236,Unusable,236
04237,Unusable,237
04238,Unusable,238
04239,Unusable,239
04240,Unusable,240
04241,Unusable,241
04242,Unusable,242
04243,Unusable,243
04244,Unusable,244
04245,Unusable,245
04246,Unusable,246
04247,Unusable,247
04248,Unusable,248
04249,Unusable,249
04250,Unusable,250
04251,Unusable,1
04252,Unusable,2
04253,Unusable,3
04254,Unusable,4
04255,Unusable,5
04256,Unusable,6
04257,Unusable,7
04258,Unusable,8
04259,Unusable,9
04260,Unusable,10
04261,Unusable,11
04262,Unusable,12
04263,Unusable,13
04264,Unusable,14
04265,Unusable,15
04266,Usable,16
04267,Usable,17
04268,Usable,18
04269,Usable,19
04270,Usable,20
04271,Usable,21
04272,Usable,22
04273,Usable,23
04274,Usable,24
04275,Usable,25
04276,Usable,26
04277,Usable,27
04278,Usable,28
04279,Usable,29
04280,Usable,30
04281,Usable,31
04282,Usable,32
04283,Usable,33
04284,Usable,34
04285,Usable,35
04286,Usable,36
04287,Usable,37
04288,Usable,38
04289,Usable,39
04290,Usable,40
04291,Usable,41
04292,Usable,42
04293,Usable,43
04294,Usable,44
04295,Usable,45
04296,Usable,46
04297,Usable,47
04298,Usable,48
04299,Usable,49
04300,Usable,50
04301,Usable,51
04302,Usable,52
04303,Usable,53
04304,Usable,54
04305,Usable,55
04306,Usable,56
04307,Usable,57
04308,Usable,58
04309,Usable,59
04310,Usable,60
04311,Usable,61
04312,Usable,62
04313,Usable,63
04314,Usable,64
04315,Usable,65
04316,Usable,66
04317,Usable,67
04318,Usable,68
04319,Usable,69
04320,Usable,70
04321,Usable,71
04322,Usable,72
04323,Usable,73
04324,Usable,74
04325,Usable,75
04326,Usable,76
04327,Usable,77
04328,Usable,78
04329,Usable,79
04330,Usable,80
04331,Usable,81
04332,Usable,82
04333,Usable,83
04334,Usable,84
04335,Usable,85
04336,Usable,86
04337,Usable,87
04338,Usable,88
04339,Usable,89
04340,Usable,90
04341,Usable,91
04342,Usable,92
04343,Usable,93
04344,Usable,94
04345,Usable,95
04346,Usable,96
04347,Usable,97
04348,Usable,98
04349,Usable,99
04350,Usable,100
04351,Usable,101
04352,Usable,102
04353,Usable,103
04354,Usable,104
04355,Usable,105
04356,Usable,106
04357,Usable,107
04358,Usable,108
04359,Usable,109
04360,Usable,110
04361,Usable,111
04362,Usable,112
04363,Usable,113
04364,Usable,114
04365,Usable,115
04366,Usable,116
04367,Usable,117
04368,Usable,118
04369,Usable,119
04370,Usable,120
04371,Usable,121
04372,Usable,122
04373,Usable,123
04374,Usable,124
04375,Usable,125
04376,Usable,126
04377,Usable,127
04378,Usable,128
04379,Usable,129
04380,Usable,130
04381,Usable,131
04382,Usable,132
04383,Usable,133
04384,Usable,134
04385,Usable,135
04386,Usable,136
04387,Usable,137
04388,Usable,138
04389,Usable,139
04390,Usable,140
04391,Usable,141
04392,Usable,142
04393,Usable,143
04394,Usable,144
04395,Usable,145
04396,Usable,146
04397,Usable,147
04398,Usable,148
04399,Usable,149
04400,Unusable,150
04401,Unusable,151
04402,Unusable,152
04403,Unusable,153
04404,Unusable,154
04405,Unusable,155
04406,Unusable,156
04407,Unusable,157
04408,Unusable,158
04409,Unusable,159
04410,Unusable,160
04411,Unusable,161
04412,Unusable,162
04413,Unusable,163
04414,Unusable,164
04415,Unusable,165
04416,Unusable,166
04417,Unusable,167
04418,Unusable,168
04419,Unusable,169
04420,Unusable,170
04421,Unusable,171
04422,Unusable,172
04423,Unusable,173
04424,Unusable,174
04425,Unusable,175
04426,Unusable,176
04427,Unusable,177
04428,Unusable,178
04429,Unusable,179
04430,Unusable,180
04431,Unusable,181
04432,Unusable,182
04433,Unusable,183
04434,Unusable,184
04435,Unusable,185
04436,Unusable,186
04437,Unusable,187
04438,Unusable,188
04439,Unusable,189
04440,Unusable,190
04441,Unusable,191
04442,Unusable,192
04443,Unusable,193
04444,Unusable,194
04445,Unusable,195
04446,Unusable,196
04447,Unusable,197
04448,Unusable,198
04449,Unusable,199
04450,Unusable,200
04451,Unusable,201
04452,Unusable,202
04453,Unusable,203
04454,Unusable,204
04455,Unusable,205
04456,Unusable,206
04457,Unusable,207
04458,Unusable,208
04459,Unusable,209
04460,Unusable,210
04461,Unusable,211
04462,Unusable,212
04463,Unusable,213
04464,Unusable,214
04465,Unusable,215
04466,Unusable,216
04467,Unusable,217
04468,Unusable,218
04469,Unusable,219
04470,Unusable,220
04471,Unusable,221
04472,Unusable,222
04473,Unusable,223
04474,Unusable,224
04475,Unusable,225
04476,Unusable,226
04477,Unusable,227
04478,Unusable,228
04479,Unusable,229
04480,Unusable,230
04481,Unusable,231
04482,Unusable,232
04483,Unusable,233
04484,Unusable,234
04485,Unusable,235
04486,Unusable,236
04487,Unusable,237
04488,Unusable,238
04489,Unusable,239
04490,Unusable,240
04491,Unusable,241
04492,Unusable,242
04493,Unusable,243
04494,Unusable,244
04495,Unusable,245
04496,Unusable,246
04497,Unusable,247
04498,Unusable,248
04499,Unusable,249
04500,Unusable,250
04501,Unusable,1
04502,Unusable,2
04503,Unusable,3
04504,Unusable,4
04505,Unusable,5
04506,Unusable,6
04507,Unusable,7
04508,Unusable,8
04509,Unusable,9
04510,Unusable,10
04511,Unusable,11
04512,Unusable,12
04513,Unusable,13
04514,Unusable,14
04515,Unusable,15
04516,Usable,16
04517,Usable,17
04518,Usable,18
04519,Usable,19
04520,Usable,20
04521,Usable,21
04522,Usable,22
04523,Usable,23
04524,Usable,24
04525,Usable,25
04526,Usable,26
04527,Usable,27
04528,Usable,28
04529,Usable,29
04530,Usable,30
04531,Usable,31
04532,Usable,32
04533,Usable,33
04534,Usable,34
04535,Usable,35
04536,Usable,36
04537,Usable,37
04538,Usable,38
04539,Usable,39
04540,Usable,40
04541,Usable,41
04542,Usable,42
04543,Usable,43
04544,Usable,44
04545,Usable,45
04546,Usable,46
04547,Usable,47
04548,Usable,48
04549,Usable,49
04550,Usable,50
04551,Usable,51
04552,Usable,52
04553,Usable,53
04554,Usable,54
04555,Usable,55
04556,Usable,56
04557,Usable,57
04558,Usable,58
04559,Usable,59
04560,Usable,60
04561,Usable,61
04562,Usable,62
04563,Usable,63
04564,Usable,64
04565,Usable,65
04566,Usable,66
04567,Usable,67
04568,Usable,68
04569,Usable,69
04570,Usable,70
04571,Usable,71
04572,Usable,72
04573,Usable,73
04574,Usable,74
04575,Usable,75
04576,Usable,76
04577,Usable,77
04578,Usable,78
04579,Usable,79
04580,Usable,80
04581,Usable,81
04582,Usable,82
04583,Usable,83
04584,Usable,84
04585,Usable,85
04586,Usable,86
04587,Usable,87
04588,Usable,88
04589,Usable,89
04590,Usable,90
04591,Usable,91
04592,Usable,92
04593,Usable,93
04594,Usable,94
04595,Usable,95
04596,Usable,96
04597,Usable,97
04598,Usable,98
04599,Usable,99
04600,Usable,100
04601,Usable,101
04602,Usable,102
04603,Usable,103
04604,Usable,104
04605,Usable,105
04606,Usable,106
04607,Usable,107
04608,Usable,108
04609,Usable,109
04610,Usable,110
04611,Usable,111
04612,Usable,112
04613,Usable,113
04614,Usable,114
04615,Usable,115
04616,Usable,116
04617,Usable,117
04618,Usable,118
04619,Usable,119
04620,Usable,120
04621,Usable,121
04622,Usable,122
04623,Usable,123
04624,Usable,124
04625,Usable,125
04626,Usable,126
04627,Usable,127
04628,Usable,128
04629,Usable,129
04630,Usable,130
04631,Usable,131
04632,Usable,132
04633,Usable,133
04634,Usable,134
04635,Usable,135
04636,Usable,136
04637,Usable,137
04638,Usable,138
04639,Usable,139
04640,Usable,140
04641,Usable,141
04642,Usable,142
04643,Usable,143
04644,Usable,144
04645,Usable,145
04646,Usable,146
04647,Usable,147
04648,Usable,148
04649,Usable,149
04650,Usable,150
04651,Usable,151
04652,Usable,152
04653,Usable,153
04654,Usable,154
04655,Usable,155
04656,Usable,156
04657,Usable,157
04658,Usable,158
04659,Usable,159
04660,Usable,160
04661,Usable,161
04662,Usable,162
04663,Usable,163
04664,Usable,164
04665,Usable,165
04666,Usable,166
04667,Usable,167
04668,Unusable,168
04669,Unusable,169
04670,Unusable,170
04671,Unusable,171
04672,Unusable,172
04673,Unusable,173
04674,Unusable,174
04675,Unusable,175
04676,Unusable,176
04677,Unusable,177
04678,Unusable,178
04679,Unusable,179
04680,Unusable,180
04681,Unusable,181
04682,Unusable,182
04683,Unusable,183
04684,Unusable,184
04685,Unusable,185
04686,Unusable,186
04687,Unusable,187
04688,Unusable,188
04689,Unusable,189
04690,Unusable,190
04691,Unusable,191
04692,Unusable,192
04693,Unusable,193
04694,Unusable,194
04695,Unusable,195
04696,Unusable,196
04697,Unusable,197
04698,Unusable,198
04699,Unusable,199
04700,Unusable,200
04701,Unusable,201
04702,Unusable,202
04703,Unusable,203
04704,Unusable,204
04705,Unusable,205
04706,Unusable,206
04707,Unusable,207
04708,Unusable,208
04709,Unusable,209
04710,Unusable,210
04711,Unusable,211
04712,Unusable,212
04713,Unusable,213
04714,Unusable,214
04715,Unusable,215
04716,Unusable,216
04717,Unusable,217
04718,Unusable,218
04719,Unusable,219
04720,Unusable,220
04721,Unusable,221
04722,Unusable,222
04723,Unusable,223
04724,Unusable,224
04725,Unusable,225
04726,Unusable,226
04727,Unusable,227
04728,Unusable,228
04729,Unusable,229
04730,Unusable,230
04731,Unusable,231
04732,Unusable,232
04733,Unusable,233
04734,Unusable,234
04735,Unusable,235
04736,Unusable,236
04737,Unusable,237
04738,Unusable,238
04739,Unusable,239
04740,Unusable,240
04741,Unusable,241
04742,Unusable,242
04743,Unusable,243
04744,Unusable,244
04745,Unusable,245
04746,Unusable,246
04747,Unusable,247
04748,Unusable,248
04749,Unusable,249
04750,Unusable,250
04751,Unusable,1
04752,Unusable,2
04753,Unusable,3
04754,Unusable,4
04755,Unusable,5
04756,Unusable,6
04757,Unusable,7
04758,Unusable,8
04759,Unusable,9
04760,Unusable,10
04761,Unusable,11
04762,Unusable,12
04763,Unusable,13
04764,Unusable,14
04765,Unusable,15
04766,Usable,16
04767,Usable,17
04768,Usable,18
04769,Usable,19
04770,Usable,20
04771,Usable,21
04772,Usable,22
04773,Usable,23
04774,Usable,24
04775,Usable,25
04776,Usable,26
04777,Usable,27
04778,Usable,28
04779,Usable,29
04780,Usable,30
04781,Usable,31
04782,Usable,32
04783,Usable,33
04784,Usable,34
04785,Usable,35
04786,Usable,36
04787,Usable,37
04788,Usable,38
04789,Usable,39
04790,Usable,40
04791,Usable,41
04792,Usable,42
04793,Usable,43
04794,Usable,44
04795,Usable,45
04796,Usable,46
04797,Usable,47
04798,Usable,48
04799,Usable,49
04800,Usable,50
04801,Usable,51
04802,Usable,52
04803,Usable,53
04804,Usable,54
04805,Usable,55
04806,Usable,56
04807,Usable,57
04808,Usable,58
04809,Usable,59
04810,Usable,60
04811,Usable,61
04812,Usable,62
04813,Usable,63
04814,Usable,64
04815,Usable,65
04816,Usable,66
04817,Usable,67
04818,Usable,68
04819,Usable,69
04820,Usable,70
04821,Usable,71
04822,Usable,72
04823,Usable,73
04824,Usable,74
04825,Usable,75
04826,Usable,76
04827,Usable,77
04828,Usable,78
04829,Usable,79
04830,Usable,80
04831,Usable,81
04832,Usable,82
04833,Usable,83
04834,Usable,84
04835,Usable,85
04836,Usable,86
04837,Usable,87
04838,Usable,88
04839,Usable,89
04840,Usable,90
04841,Usable,91
04842,Usable,92
04843,Usable,93
04844,Usable,94
04845,Usable,95
04846,Usable,96
04847,Usable,97
04848,Usable,98
04849,Usable,99
04850,Usable,100
04851,Usable,101
04852,Usable,102
04853,Usable,103
04854,Usable,104
04855,Usable,105
04856,Usable,106
04857,Usable,107
04858,Usable,108
04859,Usable,109
04860,Usable,110
04861,Usable,111
04862,Usable,112
04863,Usable,113
04864,Usable,114
04865,Usable,115
04866,Usable,116
04867,Usable,117
04868,Usable,118
04869,Usable,119
04870,Usable,120
04871,Usable,121
04872,Usable,122
04873,Usable,123
04874,Usable,124
04875,Usable,125
04876,Usable,126
04877,Usable,127
04878,Usable,128
04879,Usable,129
04880,Usable,130
04881,Usable,131
04882,Usable,132
04883,Usable,133
04884,Usable,134
04885,Usable,135
04886,Usable,136
04887,Usable,137
04888,Usable,138
04889,Usable,139
04890,Usable,140
04891,Usable,141
04892,Usable,142
04893,Usable,143
04894,Usable,144
04895,Usable,145
04896,Usable,146
04897,Usable,147
04898,Usable,148
04899,Usable,149
04900,Usable,150
04901,Usable,151
04902,Usable,152
04903,Usable,153
04904,Usable,154
04905,Usable,155
04906,Usable,156
04907,Usable,157
04908,Usable,158
04909,Usable,159
04910,Usable,160
04911,Usable,161
04912,Usable,162
04913,Usable,163
04914,Usable,164
04915,Usable,165
04916,Usable,166
04917,Usable,167
04918,Usable,168
04919,Usable,169
04920,Usable,170
04921,Usable,171
04922,Usable,172
04923,Usable,173
04924,Usable,174
04925,Usable,175
04926,Usable,176
04927,Unusable,177
04928,Unusable,178
04929,Unusable,179
04930,Unusable,180
04931,Unusable,181
04932,Unusable,182
04933,Unusable,183
04934,Unusable,184
04935,Unusable,185
04936,Unusable,186
04937,Unusable,187
04938,Unusable,188
04939,Unusable,189
04940,Unusable,190
04941,Unusable,191
04942,Unusable,192
04943,Unusable,193
04944,Unusable,194
04945,Unusable,195
04946,Unusable,196
04947,Unusable,197
04948,Unusable,198
04949,Unusable,199
04950,Unusable,200
04951,Unusable,201
04952,Unusable,202
04953,Unusable,203
04954,Unusable,204
04955,Unusable,205
04956,Unusable,206
04957,Unusable,207
04958,Unusable,208
04959,Unusable,209
04960,Unusable,210
04961,Unusable,211
04962,Unusable,212
04963,Unusable,213
04964,Unusable,214
04965,Unusable,215
04966,Unusable,216
04967,Unusable,217
04968,Unusable,218
04969,Unusable,219
04970,Unusable,220
04971,Unusable,221
04972,Unusable,222
04973,Unusable,223
04974,Unusable,224
04975,Unusable,225
04976,Unusable,226
04977,Unusable,227
04978,Unusable,228
04979,Unusable,229
04980,Unusable,230
04981,Unusable,231
04982,Unusable,232
04983,Unusable,233
04984,Unusable,234
04985,Unusable,235
04986,Unusable,236
04987,Unusable,237
04988,Unusable,238
04989,Unusable,239
04990,Unusable,240
04991,Unusable,241
04992,Unusable,242
04993,Unusable,243
04994,Unusable,244
04995,Unusable,245
04996,Unusable,246
04997,Unusable,247
04998,Unusable,248
04999,Unusable,249
05000,Unusable,250
19501,Unusable,1
19502,Unusable,2
19503,Unusable,3
19504,Unusable,4
19505,Unusable,5
19506,Unusable,6
19507,Unusable,7
19508,Unusable,8
19509,Unusable,9
19510,Unusable,10
19511,Unusable,11
19512,Unusable,12
19513,Unusable,13
19514,Unusable,14
19515,Unusable,15
19516,Unusable,16
19517,Usable,17
19518,Usable,18
19519,Usable,19
19520,Usable,20
19521,Usable,21
19522,Usable,22
19523,Usable,23
19524,Usable,24
19525,Usable,25
19526,Usable,26
19527,Usable,27
19528,Usable,28
19529,Usable,29
19530,Usable,30
19531,Usable,31
19532,Usable,32
19533,Usable,33
19534,Usable,34
19535,Usable,35
19536,Usable,36
19537,Usable,37
19538,Usable,38
19539,Usable,39
19540,Usable,40
19541,Usable,41
19542,Usable,42
19543,Usable,43
19544,Usable,44
19545,Usable,45
19546,Usable,46
19547,Usable,47
19548,Usable,48
19549,Usable,49
19550,Usable,50
19551,Usable,51
19552,Usable,52
19553,Usable,53
19554,Usable,54
19555,Usable,55
19556,Usable,56
19557,Usable,57
19558,Usable,58
19559,Usable,59
19560,Usable,60
19561,Usable,61
19562,Usable,62
19563,Usable,63
19564,Usable,64
19565,Usable,65
19566,Usable,66
19567,Usable,67
19568,Usable,68
19569,Usable,69
19570,Usable,70
19571,Usable,71
19572,Usable,72
19573,Usable,73
19574,Usable,74
19575,Usable,75
19576,Usable,76
19577,Usable,77
19578,Usable,78
19579,Usable,79
19580,Usable,80
19581,Usable,81
19582,Usable,82
19583,Usable,83
19584,Usable,84
19585,Usable,85
19586,Usable,86
19587,Usable,87
19588,Usable,88
19589,Usable,89
19590,Usable,90
19591,Usable,91
19592,Usable,92
19593,Usable,93
19594,Usable,94
19595,Usable,95
19596,Usable,96
19597,Usable,97
19598,Usable,98
19599,Usable,99
19600,Usable,100
19601,Usable,101
19602,Usable,102
19603,Usable,103
19604,Usable,104
19605,Usable,105
19606,Usable,106
19607,Usable,107
19608,Usable,108
19609,Usable,109
19610,Usable,110
19611,Usable,111
19612,Usable,112
19613,Usable,113
19614,Usable,114
19615,Usable,115
19616,Usable,116
19617,Usable,117
19618,Usable,118
19619,Usable,119
19620,Usable,120
19621,Usable,121
19622,Usable,122
19623,Usable,123
19624,Usable,124
19625,Usable,125
19626,Usable,126
19627,Usable,127
19628,Usable,128
19629,Usable,129
19630,Usable,130
19631,Usable,131
19632,Usable,132
19633,Usable,133
19634,Usable,134
19635,Usable,135
19636,Usable,136
19637,Usable,137
19638,Usable,138
19639,Usable,139
19640,Usable,140
19641,Usable,141
19642,Usable,142
19643,Usable,143
19644,Usable,144
19645,Usable,145
19646,Usable,146
19647,Unusable,147
19648,Unusable,148
19649,Unusable,149
19650,Unusable,150
19651,Unusable,151
19652,Unusable,152
19653,Unusable,153
19654,Unusable,154
19655,Unusable,155
19656,Unusable,156
19657,Unusable,157
19658,Unusable,158
19659,Unusable,159
19660,Unusable,160
19661,Unusable,161
19662,Unusable,162
19663,Unusable,163
19664,Unusable,164
19665,Unusable,165
19666,Unusable,166
19667,Unusable,167
19668,Unusable,168
19669,Unusable,169
19670,Unusable,170
19671,Unusable,171
19672,Unusable,172
19673,Unusable,173
19674,Unusable,174
19675,Unusable,175
19676,Unusable,176
19677,Unusable,177
19678,Unusable,178
19679,Unusable,179
19680,Unusable,180
19681,Unusable,181
19682,Unusable,182
19683,Unusable,183
19684,Unusable,184
19685,Unusable,185
19686,Unusable,186
19687,Unusable,187
19688,Unusable,188
19689,Unusable,189
19690,Unusable,190
19691,Unusable,191
19692,Unusable,192
19693,Unusable,193
19694,Unusable,194
19695,Unusable,195
19696,Unusable,196
19697,Unusable,197
19698,Unusable,198
19699,Unusable,199
19700,Unusable,200
19701,Unusable,201
19702,Unusable,202
19703,Unusable,203
19704,Unusable,204
19705,Unusable,205
19706,Unusable,206
19707,Unusable,207
19708,Unusable,208
19709,Unusable,209
19710,Unusable,210
19711,Unusable,211
19712,Unusable,212
19713,Unusable,213
19714,Unusable,214
19715,Unusable,215
19716,Unusable,216
19717,Unusable,217
19718,Unusable,218
19719,Unusable,219
19720,Unusable,220
19721,Unusable,221
19722,Unusable,222
19723,Unusable,223
19724,Unusable,224
19725,Unusable,225
19726,Unusable,226
19727,Unusable,227
19728,Unusable,228
19729,Unusable,229
19730,Unusable,230
19731,Unusable,231
19732,Unusable,232
19733,Unusable,233
19734,Unusable,234
19735,Unusable,235
19736,Unusable,236
19737,Unusable,237
19738,Unusable,238
19739,Unusable,239
19740,Unusable,240
19741,Unusable,241
19742,Unusable,242
19743,Unusable,243
19744,Unusable,244
19745,Unusable,245
19746,Unusable,246
19747,Unusable,247
19748,Unusable,248
19749,Unusable,249
19750,Unusable,250
19751,Unusable,1
19752,Unusable,2
19753,Unusable,3
19754,Unusable,4
19755,Unusable,5
19756,Unusable,6
19757,Unusable,7
19758,Unusable,8
19759,Unusable,9
19760,Unusable,10
19761,Unusable,11
19762,Unusable,12
19763,Unusable,13
19764,Unusable,14
19765,Unusable,15
19766,Usable,16
19767,Usable,17
19768,Usable,18
19769,Usable,19
19770,Usable,20
19771,Usable,21
19772,Usable,22
19773,Usable,23
19774,Usable,24
19775,Usable,25
19776,Usable,26
19777,Usable,27
19778,Usable,28
19779,Usable,29
19780,Usable,30
19781,Usable,31
19782,Usable,32
19783,Usable,33
19784,Usable,34
19785,Usable,35
19786,Usable,36
19787,Usable,37
19788,Usable,38
19789,Usable,39
19790,Usable,40
19791,Usable,41
19792,Usable,42
19793,Usable,43
19794,Usable,44
19795,Usable,45
19796,Usable,46
19797,Usable,47
19798,Usable,48
19799,Usable,49
19800,Usable,50
19801,Usable,51
19802,Usable,52
19803,Usable,53
19804,Usable,54
19805,Usable,55
19806,Usable,56
19807,Usable,57
19808,Usable,58
19809,Usable,59
19810,Usable,60
19811,Usable,61
19812,Usable,62
19813,Usable,63
19814,Usable,64
19815,Usable,65
19816,Usable,66
19817,Usable,67
19818,Usable,68
19819,Usable,69
19820,Usable,70
19821,Usable,71
19822,Usable,72
19823,Usable,73
19824,Usable,74
19825,Usable,75
19826,Usable,76
19827,Usable,77
19828,Usable,78
19829,Usable,79
19830,Usable,80
19831,Usable,81
19832,Usable,82
19833,Usable,83
19834,Usable,84
19835,Usable,85
19836,Usable,86
19837,Usable,87
19838,Usable,88
19839,Usable,89
19840,Usable,90
19841,Usable,91
19842,Usable,92
19843,Usable,93
19844,Usable,94
19845,Usable,95
19846,Usable,96
19847,Usable,97
19848,Usable,98
19849,Usable,99
19850,Usable,100
19851,Usable,101
19852,Usable,102
19853,Usable,103
19854,Usable,104
19855,Usable,105
19856,Usable,106
19857,Usable,107
19858,Usable,108
19859,Usable,109
19860,Usable,110
19861,Usable,111
19862,Usable,112
19863,Usable,113
19864,Usable,114
19865,Usable,115
19866,Usable,116
19867,Usable,117
19868,Usable,118
19869,Usable,119
19870,Usable,120
19871,Usable,121
19872,Usable,122
19873,Usable,123
19874,Usable,124
19875,Usable,125
19876,Usable,126
19877,Usable,127
19878,Usable,128
19879,Usable,129
19880,Usable,130
19881,Usable,131
19882,Usable,132
19883,Usable,133
19884,Usable,134
19885,Usable,135
19886,Usable,136
19887,Usable,137
19888,Usable,138
19889,Unusable,139
19890,Unusable,140
19891,Unusable,141
19892,Unusable,142
19893,Unusable,143
19894,Unusable,144
19895,Unusable,145
19896,Unusable,146
19897,Unusable,147
19898,Unusable,148
19899,Unusable,149
19900,Unusable,150
19901,Unusable,151
19902,Unusable,152
19903,Unusable,153
19904,Unusable,154
19905,Unusable,155
19906,Unusable,156
19907,Unusable,157
19908,Unusable,158
19909,Unusable,159
19910,Unusable,160
19911,Unusable,161
19912,Unusable,162
19913,Unusable,163
19914,Unusable,164
19915,Unusable,165
19916,Unusable,166
19917,Unusable,167
19918,Unusable,168
19919,Unusable,169
19920,Unusable,170
19921,Unusable,171
19922,Unusable,172
19923,Unusable,173
19924,Unusable,174
19925,Unusable,175
19926,Unusable,176
19927,Unusable,177
19928,Unusable,178
19929,Unusable,179
19930,Unusable,180
19931,Unusable,181
19932,Unusable,182
19933,Unusable,183
19934,Unusable,184
19935,Unusable,185
19936,Unusable,186
19937,Unusable,187
19938,Unusable,188
19939,Unusable,189
19940,Unusable,190
19941,Unusable,191
19942,Unusable,192
19943,Unusable,193
19944,Unusable,194
19945,Unusable,195
19946,Unusable,196
19947,Unusable,197
19948,Unusable,198
19949,Unusable,199
19950,Unusable,200
19951,Unusable,201
19952,Unusable,202
19953,Unusable,203
19954,Unusable,204
19955,Unusable,205
19956,Unusable,206
19957,Unusable,207
19958,Unusable,208
19959,Unusable,209
19960,Unusable,210
19961,Unusable,211
19962,Unusable,212
19963,Unusable,213
19964,Unusable,214
19965,Unusable,215
19966,Unusable,216
19967,Unusable,217
19968,Unusable,218
19969,Unusable,219
19970,Unusable,220
19971,Unusable,221
19972,Unusable,222
19973,Unusable,223
19974,Unusable,224
19975,Unusable,225
19976,Unusable,226
19977,Unusable,227
19978,Unusable,228
19979,Unusable,229
19980,Unusable,230
19981,Unusable,231
19982,Unusable,232
19983,Unusable,233
19984,Unusable,234
19985,Unusable,235
19986,Unusable,236
19987,Unusable,237
19988,Unusable,238
19989,Unusable,239
19990,Unusable,240
19991,Unusable,241
19992,Unusable,242
19993,Unusable,243
19994,Unusable,244
19995,Unusable,245
19996,Unusable,246
19997,Unusable,247
19998,Unusable,248
19999,Unusable,249
20000,Unusable,250
